"","kappa","spec_sens","no_omission","prevalence","equal_sens_spec","sensitivity","AUC","TSS","algoritmo","run","partition"
"1",0.14744098,0.06547377,-1e-04,0.26219508,0.1146541,0.08186721,0.884166666666667,0.656666666666667,"bioclim",1,1
"2",0.27108644,0.08464576,-1e-04,0.25413729,0.08464576,0.01684915,0.89515625,0.71375,"bioclim",1,2
"3",0.09667419,0.09667419,0.03215806,0.22570645,0.06441613,0.0482871,0.929827586206897,0.718620689655172,"bioclim",1,3
